{
	"format_version": "1.12.0",
	"minecraft:geometry": [
		{
			"description": {
				"identifier": "geometry.unknown",
				"texture_width": 64,
				"texture_height": 64,
				"visible_bounds_width": 2,
				"visible_bounds_height": 3.5,
				"visible_bounds_offset": [0, 1.25, 0]
			},
			"bones": [
				{
					"name": "base",
					"pivot": [0, 15, 0],
					"rotation": [0, -90, 0]
				},
				{
					"name": "lowerbody",
					"parent": "base",
					"pivot": [0, 15, 0],
					"rotation": [0, 0, 5],
					"cubes": [
						{
							"origin": [-1, 15, -3],
							"size": [2, 6, 6],
							"uv": {
								"north": {"uv": [22, 13], "uv_size": [2, 6]},
								"east": {"uv": [0, 8], "uv_size": [6, 6]},
								"south": {"uv": [16, 22], "uv_size": [2, 6]},
								"west": {"uv": [6, 8], "uv_size": [6, 6]},
								"up": {"uv": [18, 22], "uv_size": [2, 6]},
								"down": {"uv": [22, 25], "uv_size": [2, -6]}
							}
						}
					]
				},
				{
					"name": "upperbody",
					"parent": "lowerbody",
					"pivot": [0, 21, 0],
					"rotation": [0, 0, -7.5],
					"cubes": [
						{
							"origin": [-1, 21, -3],
							"size": [2, 8, 6],
							"uv": {
								"north": {"uv": [10, 14], "uv_size": [2, 8]},
								"east": {"uv": [0, 0], "uv_size": [6, 8]},
								"south": {"uv": [14, 13], "uv_size": [2, 8]},
								"west": {"uv": [6, 0], "uv_size": [6, 8]},
								"up": {"uv": [23, 0], "uv_size": [2, 6]},
								"down": {"uv": [23, 12], "uv_size": [2, -6]}
							}
						}
					]
				},
				{
					"name": "neck",
					"parent": "upperbody",
					"pivot": [0, 29, 0],
					"rotation": [0, 0, -12.5],
					"cubes": [
						{
							"origin": [-1, 29, -1.5],
							"size": [1.5, 3, 3],
							"uv": {
								"north": {"uv": [18, 28], "uv_size": [1.5, 3]},
								"east": {"uv": [26, 0], "uv_size": [3, 3]},
								"south": {"uv": [28, 19], "uv_size": [1.5, 3]},
								"west": {"uv": [2, 26], "uv_size": [3, 3]},
								"up": {"uv": [28, 22], "uv_size": [1.5, 3]},
								"down": {"uv": [24, 31], "uv_size": [1.5, -3]}
							}
						},
						{
							"origin": [-2, 31, -1.5],
							"size": [1.75, 3, 3],
							"uv": {
								"north": {"uv": [28, 13], "uv_size": [2, 3]},
								"east": {"uv": [26, 3], "uv_size": [3, 3]},
								"south": {"uv": [14, 28], "uv_size": [2, 3]},
								"west": {"uv": [5, 26], "uv_size": [3, 3]},
								"up": {"uv": [16, 28], "uv_size": [2, 3]},
								"down": {"uv": [28, 19], "uv_size": [2, -3]}
							}
						}
					]
				},
				{
					"name": "head",
					"parent": "neck",
					"pivot": [-1.5934, 32.91667, 0.00247],
					"cubes": [
						{
							"origin": [-4, 33, -2],
							"size": [3, 4, 4],
							"uv": {
								"north": {"uv": [24, 12], "uv_size": [3, 4]},
								"east": {"uv": [16, 0], "uv_size": [4, 4]},
								"south": {"uv": [24, 16], "uv_size": [3, 4]},
								"west": {"uv": [16, 4], "uv_size": [4, 4]},
								"up": {"uv": [24, 20], "uv_size": [3, 4]},
								"down": {"uv": [24, 28], "uv_size": [3, -4]}
							}
						},
						{
							"origin": [-4, 32, -1.25],
							"size": [0, 1, 0.5],
							"pivot": [-3.875, 32.5, -1],
							"rotation": [0, 10, 0],
							"uv": {
								"north": {"uv": [0, 0], "uv_size": [0, 1]},
								"east": {"uv": [23, 12], "uv_size": [0.5, 1]},
								"south": {"uv": [0, 0], "uv_size": [0, 1]},
								"west": {"uv": [26, 10], "uv_size": [0.5, 1]},
								"up": {"uv": [0, 0], "uv_size": [0, 0.5]},
								"down": {"uv": [0, 0.5], "uv_size": [0, -0.5]}
							}
						},
						{
							"origin": [-4, 32, -0.25],
							"size": [0, 1, 0.5],
							"pivot": [-3.875, 32.5, 0],
							"rotation": [0, 7.5, 0],
							"uv": {
								"north": {"uv": [0, 0], "uv_size": [0, 1]},
								"east": {"uv": [26, 11], "uv_size": [0.5, 1]},
								"south": {"uv": [0, 0], "uv_size": [0, 1]},
								"west": {"uv": [26, 28], "uv_size": [0.5, 1]},
								"up": {"uv": [0, 0], "uv_size": [0, 0.5]},
								"down": {"uv": [0, 0.5], "uv_size": [0, -0.5]}
							}
						},
						{
							"origin": [-4, 32, 0.75],
							"size": [0, 1, 0.5],
							"pivot": [-3.875, 32.5, 1],
							"rotation": [0, -17.5, 0],
							"uv": {
								"north": {"uv": [0, 0], "uv_size": [0, 1]},
								"east": {"uv": [26, 29], "uv_size": [0.5, 1]},
								"south": {"uv": [0, 0], "uv_size": [0, 1]},
								"west": {"uv": [9, 30], "uv_size": [0.5, 1]},
								"up": {"uv": [0, 0], "uv_size": [0, 0.5]},
								"down": {"uv": [0, 0.5], "uv_size": [0, -0.5]}
							}
						}
					]
				},
				{
					"name": "jaw",
					"parent": "head",
					"pivot": [-2, 33, 0],
					"rotation": [0, 0, -47.5],
					"cubes": [
						{
							"origin": [-4, 32.25, -1.75],
							"size": [2, 0.75, 3.5],
							"uv": {
								"north": {"uv": [29, 7], "uv_size": [2, 1]},
								"east": {"uv": [29, 2], "uv_size": [3.5, 1]},
								"south": {"uv": [29, 8], "uv_size": [2, 1]},
								"west": {"uv": [29, 3], "uv_size": [3.5, 1]},
								"up": {"uv": [26, 6], "uv_size": [2, 3.5]},
								"down": {"uv": [8, 29.5], "uv_size": [2, -3.5]}
							}
						},
						{
							"origin": [-4, 33, -1.75],
							"size": [0, 1, 0.5],
							"pivot": [-3.875, 33.5, -1.5],
							"rotation": [0, -12.5, 0],
							"uv": {
								"north": {"uv": [0, 0], "uv_size": [0, 1]},
								"east": {"uv": [26, 30], "uv_size": [0.5, 1]},
								"south": {"uv": [0, 0], "uv_size": [0, 1]},
								"west": {"uv": [30, 29], "uv_size": [0.5, 1]},
								"up": {"uv": [0, 0], "uv_size": [0, 0.5]},
								"down": {"uv": [0, 0.5], "uv_size": [0, -0.5]}
							}
						},
						{
							"origin": [-4, 33, -0.75],
							"size": [0, 1, 0.5],
							"pivot": [-3.875, 33.5, -0.5],
							"rotation": [0, 10, 0],
							"uv": {
								"north": {"uv": [0, 0], "uv_size": [0, 1]},
								"east": {"uv": [30, 30], "uv_size": [0.5, 1]},
								"south": {"uv": [0, 0], "uv_size": [0, 1]},
								"west": {"uv": [2, 31], "uv_size": [0.5, 1]},
								"up": {"uv": [0, 0], "uv_size": [0, 0.5]},
								"down": {"uv": [0, 0.5], "uv_size": [0, -0.5]}
							}
						},
						{
							"origin": [-4, 33, 0.25],
							"size": [0, 1, 0.5],
							"pivot": [-3.875, 33.5, 0.5],
							"rotation": [0, -2.5, 0],
							"uv": {
								"north": {"uv": [0, 0], "uv_size": [0, 1]},
								"east": {"uv": [3, 31], "uv_size": [0.5, 1]},
								"south": {"uv": [0, 0], "uv_size": [0, 1]},
								"west": {"uv": [4, 31], "uv_size": [0.5, 1]},
								"up": {"uv": [0, 0], "uv_size": [0, 0.5]},
								"down": {"uv": [0, 0.5], "uv_size": [0, -0.5]}
							}
						},
						{
							"origin": [-4, 33, 1.25],
							"size": [0, 1, 0.5],
							"pivot": [-3.875, 33.5, 1.5],
							"rotation": [0, 12.5, 0],
							"uv": {
								"north": {"uv": [0, 0], "uv_size": [0, 1]},
								"east": {"uv": [5, 31], "uv_size": [0.5, 1]},
								"south": {"uv": [0, 0], "uv_size": [0, 1]},
								"west": {"uv": [6, 31], "uv_size": [0.5, 1]},
								"up": {"uv": [0, 0], "uv_size": [0, 0.5]},
								"down": {"uv": [0, 0.5], "uv_size": [0, -0.5]}
							}
						}
					]
				},
				{
					"name": "rightupperarm",
					"parent": "upperbody",
					"pivot": [0, 29, 3],
					"rotation": [5, 0, 0],
					"cubes": [
						{
							"origin": [-1, 17, 3],
							"size": [2, 12, 1],
							"uv": {
								"north": {"uv": [2, 14], "uv_size": [2, 12]},
								"east": {"uv": [11, 22], "uv_size": [1, 12]},
								"south": {"uv": [4, 14], "uv_size": [2, 12]},
								"west": {"uv": [25, 0], "uv_size": [1, 12]},
								"up": {"uv": [29, 9], "uv_size": [2, 1]},
								"down": {"uv": [29, 11], "uv_size": [2, -1]}
							}
						}
					]
				},
				{
					"name": "rightlowerarm",
					"parent": "rightupperarm",
					"pivot": [0, 17, 4],
					"rotation": [-5, 0, 0],
					"cubes": [
						{
							"origin": [-1, 4, 3],
							"size": [2, 13, 1],
							"uv": {
								"north": {"uv": [12, 0], "uv_size": [2, 13]},
								"east": {"uv": [20, 21], "uv_size": [1, 13]},
								"south": {"uv": [12, 13], "uv_size": [2, 13]},
								"west": {"uv": [21, 21], "uv_size": [1, 13]},
								"up": {"uv": [29, 11], "uv_size": [2, 1]},
								"down": {"uv": [29, 13], "uv_size": [2, -1]}
							}
						}
					]
				},
				{
					"name": "righthand",
					"parent": "rightlowerarm",
					"pivot": [0, 5, 4]
				},
				{
					"name": "leftupperarm",
					"parent": "upperbody",
					"pivot": [0, 29, -3],
					"rotation": [-5, 0, 0],
					"cubes": [
						{
							"origin": [-1, 17, -4],
							"size": [2, 12, 1],
							"uv": {
								"north": {"uv": [6, 14], "uv_size": [2, 12]},
								"east": {"uv": [22, 25], "uv_size": [1, 12]},
								"south": {"uv": [8, 14], "uv_size": [2, 12]},
								"west": {"uv": [23, 25], "uv_size": [1, 12]},
								"up": {"uv": [28, 29], "uv_size": [2, 1]},
								"down": {"uv": [5, 31], "uv_size": [2, -1]}
							}
						}
					]
				},
				{
					"name": "leftlowerarm",
					"parent": "leftupperarm",
					"pivot": [0, 17, -3],
					"rotation": [5, 0, 0],
					"cubes": [
						{
							"origin": [-1, 4, -4],
							"size": [2, 13, 1],
							"uv": {
								"north": {"uv": [0, 14], "uv_size": [2, 13]},
								"east": {"uv": [22, 0], "uv_size": [1, 13]},
								"south": {"uv": [14, 0], "uv_size": [2, 13]},
								"west": {"uv": [10, 22], "uv_size": [1, 13]},
								"up": {"uv": [7, 30], "uv_size": [2, 1]},
								"down": {"uv": [30, 14], "uv_size": [2, -1]}
							}
						}
					]
				},
				{
					"name": "lefthand",
					"parent": "leftlowerarm",
					"pivot": [0, 5, -3]
				},
				{
					"name": "upperleftleg",
					"parent": "lowerbody",
					"pivot": [0, 15, -2],
					"rotation": [0, 0, -5],
					"cubes": [
						{
							"origin": [-1, 8, -3],
							"size": [2, 7, 1],
							"uv": {
								"north": {"uv": [16, 8], "uv_size": [2, 7]},
								"east": {"uv": [12, 26], "uv_size": [1, 7]},
								"south": {"uv": [16, 15], "uv_size": [2, 7]},
								"west": {"uv": [13, 26], "uv_size": [1, 7]},
								"up": {"uv": [30, 14], "uv_size": [2, 1]},
								"down": {"uv": [30, 16], "uv_size": [2, -1]}
							}
						}
					]
				},
				{
					"name": "lowerleftleg",
					"parent": "upperleftleg",
					"pivot": [0, 8, -2],
					"rotation": [0, 0, -10],
					"cubes": [
						{
							"origin": [-1, 1, -3],
							"size": [2, 7, 1],
							"uv": {
								"north": {"uv": [18, 8], "uv_size": [2, 7]},
								"east": {"uv": [0, 27], "uv_size": [1, 7]},
								"south": {"uv": [18, 15], "uv_size": [2, 7]},
								"west": {"uv": [1, 27], "uv_size": [1, 7]},
								"up": {"uv": [30, 16], "uv_size": [2, 1]},
								"down": {"uv": [30, 18], "uv_size": [2, -1]}
							}
						}
					]
				},
				{
					"name": "leftfoot",
					"parent": "lowerleftleg",
					"pivot": [0, 0, -2],
					"rotation": [0, 0, 10],
					"cubes": [
						{
							"origin": [-3, 0, -3.5],
							"size": [3, 1, 1.5],
							"uv": {
								"north": {"uv": [29, 4], "uv_size": [3, 1]},
								"east": {"uv": [30, 22], "uv_size": [1.5, 1]},
								"south": {"uv": [5, 29], "uv_size": [3, 1]},
								"west": {"uv": [30, 23], "uv_size": [1.5, 1]},
								"up": {"uv": [28, 25], "uv_size": [3, 1.5]},
								"down": {"uv": [28, 28.5], "uv_size": [3, -1.5]}
							}
						}
					]
				},
				{
					"name": "upperrightleg",
					"parent": "lowerbody",
					"pivot": [0, 15, 2],
					"rotation": [0, 0, -5],
					"cubes": [
						{
							"origin": [-1, 8, 2],
							"size": [2, 7, 1],
							"uv": {
								"north": {"uv": [20, 0], "uv_size": [2, 7]},
								"east": {"uv": [27, 10], "uv_size": [1, 7]},
								"south": {"uv": [20, 7], "uv_size": [2, 7]},
								"west": {"uv": [27, 17], "uv_size": [1, 7]},
								"up": {"uv": [30, 18], "uv_size": [2, 1]},
								"down": {"uv": [30, 20], "uv_size": [2, -1]}
							}
						}
					]
				},
				{
					"name": "lowerrightleg",
					"parent": "upperrightleg",
					"pivot": [0, 8, 2],
					"rotation": [0, 0, -7.5],
					"cubes": [
						{
							"origin": [-1, 1, 2],
							"size": [2, 7, 1],
							"uv": {
								"north": {"uv": [20, 14], "uv_size": [2, 7]},
								"east": {"uv": [27, 24], "uv_size": [1, 7]},
								"south": {"uv": [14, 21], "uv_size": [2, 7]},
								"west": {"uv": [28, 6], "uv_size": [1, 7]},
								"up": {"uv": [30, 20], "uv_size": [2, 1]},
								"down": {"uv": [30, 22], "uv_size": [2, -1]}
							}
						}
					]
				},
				{
					"name": "rightfoot",
					"parent": "lowerrightleg",
					"pivot": [0, 0, 2],
					"rotation": [0, 0, 7.5],
					"cubes": [
						{
							"origin": [-3, 0, 2],
							"size": [3, 1, 1.5],
							"uv": {
								"north": {"uv": [29, 5], "uv_size": [3, 1]},
								"east": {"uv": [30, 24], "uv_size": [1.5, 1]},
								"south": {"uv": [29, 6], "uv_size": [3, 1]},
								"west": {"uv": [28, 30], "uv_size": [1.5, 1]},
								"up": {"uv": [29, 0], "uv_size": [3, 1.5]},
								"down": {"uv": [2, 30.5], "uv_size": [3, -1.5]}
							}
						}
					]
				}
			]
		}
	]
}